Price,Close,High,Low,Open,Volume
Ticker,MSFT,MSFT,MSFT,MSFT,MSFT
Date,,,,,
2022-01-03,326.2876892089844,329.45553085179006,321.443327106911,326.8725274614934,28865100
2022-01-04,320.6928405761719,326.72636359123794,317.87588370736904,326.3656919752481,32674300
2022-01-05,308.382080078125,317.82712421089127,307.99219782288543,317.6224114863503,40054300
2022-01-06,305.9453430175781,310.6435040065392,303.6157462288109,305.2337861864823,39646100
2022-01-07,306.1012268066406,308.4990308502154,302.2510690255485,306.20843178093685,32720000
2022-01-10,306.32537841796875,306.7640145093251,296.98756979933967,301.66621595864194,44289500
2022-01-11,307.0174560546875,308.6062253911338,302.0561325659576,305.45789739559956,29386800
2022-01-12,310.2243347167969,315.23441320295166,309.06441474809145,311.58896744194254,34372200
2022-01-13,297.09478759765625,312.7683094257435,296.31502311946934,312.3686704631875,45366000
2022-01-14,302.35833740234375,302.96265940573966,296.0713777298819,296.55873802244133,39846400
2022-01-18,294.9991149902344,301.96835970916834,294.11211588111837,296.38323100841995,42333200
2022-01-19,295.6619567871094,305.9745163562208,295.0479078575732,298.5471508902644,45933900
2022-01-20,293.9757385253906,303.7716686441557,293.5273753788874,301.2569025877284,35380700
2022-01-21,288.5464782714844,296.4222060001675,288.13708261597907,295.03811969262824,57984400
2022-01-24,288.8779602050781,289.59924398211297,269.0716290518468,284.81339166905053,85731500
2022-01-25,281.1971435546875,287.53282761644834,277.9610936871108,284.15054585824845,72848600
2022-01-26,289.2093505859375,300.701315173843,285.6223857968369,300.20419813243313,90428900
2022-01-27,292.26019287109375,299.53159951499225,290.3984731356001,295.00891183634246,53481300
2022-01-28,300.4674072265625,300.681846966643,287.00651697553474,292.6404013327969,49743700
2022-01-31,303.11859130859375,304.48319405716603,298.625114342881,301.13990988663676,46444500
2022-02-01,300.95477294921875,302.7774958994367,297.4165320476828,302.5630561555219,40950400
2022-02-02,305.535888671875,307.1539283194446,301.07168173762904,301.80272213433227,36636000
2022-02-03,293.6345520019531,303.362273346169,292.3771542221462,301.66623944086155,43730000
2022-02-04,298.2060241699219,300.99371082112077,292.38694097024637,292.6208643966093,35096500
2022-02-07,293.34222412109375,300.0580346780807,292.3187494771658,298.4302676694771,28533300
2022-02-08,296.86090087890625,297.8356214701152,292.3674532315667,293.6345781016936,32421200
2022-02-09,303.3427734375,304.0445734219584,299.61936355089756,302.0366514726128,31284700
2022-02-10,294.7359924316406,301.3055991471308,293.0984691146932,296.35403204699674,45386200
2022-02-11,287.5815734863281,296.5977390154296,286.7822954571139,295.52554040869245,39175600
2022-02-14,287.54254150390625,289.2580590668876,283.9848177023169,286.34362460530787,36359500
2022-02-15,292.8743591308594,293.1960039056504,289.5115604819995,292.42599589305075,27058300
2022-02-16,292.5324401855469,293.87056377377104,286.84782935265383,291.42872370544427,29982100
2022-02-17,283.96649169921875,289.8952570600071,283.2534636289958,289.46549079954667,32461600
2022-02-18,281.2315979003906,287.02363540315076,279.64929030136784,286.23248160363937,34264000
2022-02-22,281.0264892578125,284.75762801323344,277.8813980767307,278.36976608741037,41736100
2022-02-23,273.7498474121094,284.9139649692923,273.5838189483352,283.4293068501427,37811200
2022-02-24,287.73663330078125,288.2933799332751,265.2033282998834,266.17031713727135,56989700
2022-02-25,290.3933410644531,290.7059036987677,284.8650124264192,288.27384090466165,32546700
2022-02-28,291.8389587402344,292.18082230287547,286.1836489356128,287.46317071518655,34627500
2022-03-01,288.0883483886719,292.99155328449973,285.35346919844056,289.50459796595675,31217800
2022-03-02,293.2063903808594,294.45661130333264,286.867383102962,288.4887386773608,31873000
2022-03-03,289.0357360839844,296.0779944403515,287.20921468862633,295.8435873340458,27314500
2022-03-04,283.1167297363281,288.781817363036,280.489336882385,287.4436935897168,32356500
2022-03-07,272.42144775390625,282.95066088962125,272.0502832959446,281.8176435260185,43157200
2022-03-08,269.4325866699219,277.3539000024533,263.7186760604236,271.33720366801316,48159500
2022-03-09,281.788330078125,282.8627456170692,274.2479271242844,276.8460484065981,35204500
2022-03-10,278.946044921875,279.93255787073974,274.05258777330033,276.4358261197329,30628000
2022-03-11,273.55450439453125,282.7748961601966,272.92937894239424,281.2609372225898,27209300
2022-03-14,270.0089416503906,278.7604891421288,269.40337001118587,273.818206645083,30660700
2022-03-15,280.4697570800781,281.1241833635932,272.2456560470784,273.82796371431203,34245100
2022-03-16,287.54132080078125,287.71712612417315,276.61164274900227,282.3841261870192,37826300
2022-03-17,288.35205078125,288.7329623842595,282.6381382751306,286.46695714344366,30816600
2022-03-18,293.4407958984375,293.9975425847352,285.9199464145615,288.4985140123534,43390600
2022-03-21,292.2003479003906,293.15755991953046,288.03944296544944,291.9366399088193,28351200
2022-03-22,296.98638916015625,297.9045235188898,291.8194466192192,292.82548365387976,27599700
2022-03-23,292.5226135253906,296.17562591536847,290.7938017818484,293.5189031806632,25715400
2022-03-24,297.025390625,297.12307017569196,291.3798583633259,292.18078894834053,24484500
2022-03-25,296.6151123046875,298.3927785648578,292.3272577624199,298.12907063696406,22566500
2022-03-28,303.47186279296875,303.5695125390462,297.25002993338984,297.25002993338984,29578200
2022-03-29,308.0722961425781,308.4727614675404,301.86023986801433,306.60719218630373,30393400
2022-03-30,306.5583801269531,308.5997848205672,304.33142299608545,306.460730362384,28163600
2022-03-31,301.137451171875,307.8085742434031,300.7272387749314,306.5974014251346,33422100
2022-04-01,302.2217102050781,302.91518451983774,298.43196920449634,302.1728555134,27110500
2022-04-04,307.6425476074219,307.77927515123645,302.5049065671156,302.87607102658353,24289600
2022-04-05,303.6477355957031,307.54490325102927,302.66122255708814,305.98211946744385,23156700
2022-04-06,292.5324401855469,299.8579603905272,289.80733832316116,298.09007056566804,40110400
2022-04-07,294.3589782714844,296.58593557316624,289.45577337073127,289.7585592024091,31411200
2022-04-08,290.0613098144531,294.114758514282,289.3873595463898,293.45058514528654,24361900
2022-04-11,278.6237487792969,285.80273525157804,278.3697878554464,285.0018343052239,34569300
2022-04-12,275.4981384277344,283.97619928160407,273.9646558393346,282.5110953632232,30966700
2022-04-13,280.92877197265625,281.8664300811249,274.7557939927089,276.1525489694941,21907200
2022-04-14,273.3200378417969,281.6027703397435,272.8219227216766,281.387887214799,28221600
2022-04-18,273.9940185546875,275.88888910133113,271.86474086664373,272.4214876350913,20778000
2022-04-19,278.6627502441406,279.5125355457181,271.93305515408326,272.88049020303765,22297700
2022-04-20,279.6981201171875,282.96044474494096,278.73116096907495,282.6674060462636,22906700
2022-04-21,274.2772216796875,286.47664424325205,273.54466971199327,281.8664493342582,29454600
2022-04-22,267.65496826171875,276.61165060997706,267.0200958152391,275.1269927943867,29405800
2022-04-25,274.1893310546875,274.5702425946465,264.47079593368284,266.9321897300406,35678900
2022-04-26,263.93365478515625,271.88427188176473,263.7187716307818,271.0442930649702,46518400
2022-04-27,276.63116455078125,284.2008683712325,272.66561886945095,275.5372250259476,63477700
2022-04-28,282.89202880859375,284.21062825992493,274.91208324010756,278.5553189463931,33646600
2022-04-29,271.06378173828125,283.13625498873733,270.06752168378915,281.8957811106372,37073900
2022-05-02,277.8520812988281,278.311148394919,269.7940095834317,271.24933663359343,35151100
2022-05-03,275.2246398925781,277.51997521228634,273.6325556110866,277.3539169944291,25978600
2022-05-04,283.23394775390625,284.1130042909022,270.29219430347206,276.01585359728927,33599300
2022-05-05,270.89776611328125,279.6883911046849,267.9577808832732,278.89723724006825,43260400
2022-05-06,268.3387451171875,272.75358198017784,264.9592164268666,268.41687089729766,37780300
2022-05-09,258.4248352050781,266.0238411937127,257.1941679359595,263.7773599912908,47726000
2022-05-10,263.2303466796875,267.3814745957865,258.9034134409699,265.3694008610631,39336400
2022-05-11,254.4885711669922,265.047085701221,253.26765107924493,259.4992319763261,48975900
2022-05-12,249.40956115722656,253.83417435707582,244.20355612148884,251.69511998155738,51033800
2022-05-13,255.04531860351562,256.9206649789618,249.40956219324804,251.3630343391789,34925100
2022-05-16,255.41647338867188,259.63598021760185,249.82954207100119,253.91229154724792,32550900
2022-05-17,260.61273193359375,262.08758316736333,256.3541470608715,259.91922784489185,28828800
2022-05-18,248.74713134765625,258.06732080029445,247.4646292521576,257.4799081902306,31356000
2022-05-19,247.82681274414062,252.26174575927817,246.5932644172971,248.57085563260682,32692300
2022-05-20,247.25900268554688,253.11349891147856,241.2674604629305,251.84076675260135,39199300
2022-05-23,255.17916870117188,256.0113338880707,248.11070926260322,250.12748413527893,33175400
2022-05-24,254.17079162597656,255.84489181080508,248.17925001539868,252.47712197991873,29043900
2022-05-25,257.0099792480469,259.0267396927444,251.73312503658593,252.72193579297405,28547900
2022-05-26,260.3190002441406,261.5035951035618,255.94282019309284,256.76518578883463,25002100
2022-05-27,267.5049133300781,267.60282038984076,261.9441389092218,262.8448420311824,26910800
2022-05-31,266.1636962890625,269.0028220056436,263.28540176977856,266.8098470869673,37827700
2022-06-01,266.7021484375,271.86152485226245,264.37209783823954,269.4237974006691,25292200
2022-06-02,268.8167724609375,268.88531038746316,256.1092313914901,258.8994181483804,44008200
2022-06-03,264.3525390625,267.7105694939504,262.77634569587696,264.636460617641,28059000
2022-06-06,263.10919189453125,268.4252141639937,261.611306341339,266.34971573756184,22400300
2022-06-07,266.78045654296875,267.3972381586055,260.3581477591067,261.04346730471207,22860700
2022-06-08,264.7342834472656,267.269917541259,263.9510569714731,266.0069853895052,17372300
2022-06-09,259.2323303222656,266.9860806891871,259.07568497746337,262.1595636433309,26439700
2022-06-10,247.67999267578125,255.11066747424474,247.2296410529994,255.11066747424474,31422800
2022-06-13,237.17518615722656,243.79330970606344,236.4605123501644,239.96537332587806,46135800
2022-06-14,239.3583984375,240.58216215513482,236.44093497892277,238.74161674348503,28651500
2022-06-15,246.47576904296875,249.94147585726012,241.24785462929694,243.0981845594626,33111700
2022-06-16,239.82830810546875,242.22688189014661,237.91923978454233,240.81710376437903,33169200
2022-06-17,242.45205688476562,245.24224408024898,238.90804201012048,239.56397755695406,43084800
2022-06-21,248.4142303466797,249.40302597463906,244.27300349723436,245.00726166987803,29928300
2022-06-22,247.8170166015625,251.7722287270901,245.11493714549403,246.60303779242162,25939900
2022-06-23,253.42681884765625,253.9261241084058,248.30660951506817,250.20589358794084,25861400
2022-06-24,262.08123779296875,262.35535965816274,256.22674167848834,256.3148490769033,33923200
2022-06-27,259.3302307128906,262.668631835597,257.75400751191495,262.58052443336265,24615100
2022-06-28,251.0967254638672,261.30780194280726,250.94008013519854,258.4393071868514,27295500
2022-06-29,254.7974090576172,256.47150947994845,250.3918446772433,252.183436576219,20069800
2022-06-30,251.43939208984375,254.08273384690168,247.59188587569716,251.65477571358215,31730900
2022-07-01,254.13165283203125,254.31766730531288,249.26598208548626,251.00863534445415,22837700
2022-07-05,257.3330078125,257.4602840032842,249.39322922409437,250.78342283801058,22941000
2022-07-06,260.6224670410156,262.36510513906245,256.89243813521284,258.2141087430497,23824400
2022-07-07,262.7665710449219,263.4127219507094,259.4575087745469,259.55541585912937,20859900
2022-07-08,262.0420837402344,262.47285096364976,257.76381051758267,259.23232699457765,19658800
2022-07-11,258.9581604003906,260.93575149220965,256.67704846885334,260.07421719413753,19455200
2022-07-12,248.345703125,260.3581715303556,246.74991051396503,260.2994332641739,35868500
2022-07-13,247.4156494140625,248.22823029825582,242.90240831996616,244.93875289628406,29497400
2022-07-14,248.74713134765625,249.78488067871552,240.7779819350509,245.31080791279567,25102800
2022-07-15,251.33168029785156,254.90506411959618,249.42261202406303,250.35266939452197,29774100
2022-07-18,248.91351318359375,255.36519121832876,247.98345584671802,254.2980729574768,20975000
2022-07-19,254.08267211914062,254.2686865615894,248.355452954937,252.1735891053932,25012600
2022-07-20,256.76519775390625,259.3106322652706,253.47573521765244,254.44494652261224,22788300
2022-07-21,259.2812805175781,259.3302489958565,251.63520667740252,254.33728671126292,22404700
2022-07-22,254.895263671875,259.7609490416528,253.63236112190472,259.6728416458671,21881300
2022-07-25,253.39744567871094,256.01141862471985,251.41985388904942,255.52191304417545,21056000
2022-07-26,246.61285400390625,254.42537219368288,244.33177162081842,254.40577285324218,39348000
2022-07-27,263.0993957519531,264.38189771901045,253.4169928964786,255.67850582324644,45994000
2022-07-28,270.6083984375,272.0083768125358,262.247637233615,264.0881824514157,33459300
2022-07-29,274.8475341796875,276.0810975805953,270.82381337507917,271.8713622988011,32152800
2022-08-01,272.17486572265625,275.37622103162886,270.05039864390653,271.98885123698966,21539600
2022-08-02,269.0517578125,272.05732816787753,266.66296904737686,270.20698339711424,22754200
2022-08-03,276.54119873046875,277.5495787208633,270.80417955665024,270.9510550872354,23518900
2022-08-04,277.6964416503906,277.8432873130709,274.28950276803903,275.8852654718878,18098700
2022-08-05,276.9720153808594,277.6964739858007,272.83078794881084,273.2909243301496,16774600
2022-08-08,274.43634033203125,279.91880730096346,273.4573294403305,278.0880318367684,18739200
2022-08-09,276.3747863769531,277.138413742607,271.78322251262296,273.7706434744483,23405200
2022-08-10,283.0908203125,283.727171478026,280.91741472837924,282.12160899696113,24687800
2022-08-11,280.99566650390625,285.09772410875087,280.49639131683466,284.7452945649356,20065900
2022-08-12,285.7831115722656,285.7831115722656,280.9174255883945,282.4251109307752,22619700
2022-08-15,287.3103942871094,288.0054838160236,284.0209013912146,284.892235628105,18085700
2022-08-16,286.5662536621094,287.86835480614087,284.3243403574002,285.86136466456145,18102900
2022-08-17,285.8109130859375,287.80252296540743,283.9958920768521,284.260775382429,18253400
2022-08-18,284.6826171875,286.3897025198234,283.6132037965233,284.7022281895463,17186200
2022-08-19,280.7386474609375,283.78002974010843,280.1598084693622,283.4366425578616,20570000
2022-08-22,272.49749755859375,277.1184188368337,271.9775215331482,276.74560018831363,25061100
2022-08-23,271.2122802734375,273.5864991907063,270.19193919949356,271.2122802734375,17527400
2022-08-24,270.5745544433594,271.9873250547261,269.90739114210294,270.20173581807353,18137000
2022-08-25,273.57666015625,273.74342851137396,269.32852822894,272.0853857878454,16583400
2022-08-26,263.0201416015625,275.03848163152117,262.912236184959,273.8022999332069,27549300
2022-08-29,260.2142639160156,262.3432104239044,258.86035621361737,260.822534346841,20338500
2022-08-30,257.9969482421875,261.9997777650508,255.7306352871067,261.62698913446303,22767100
2022-08-31,256.5253601074219,262.0586868883692,256.3879932663194,260.3712424322806,24791800
2022-09-01,255.47557067871094,255.95632465023138,250.57994612921527,253.97450570006126,23263400
2022-09-02,251.21763610839844,259.7334810753539,249.65770825854173,256.750992201136,22855400
2022-09-06,248.46080017089844,252.9541748145987,247.17557591964425,251.3550248242959,21328200
2022-09-07,253.2092742919922,253.93527062229532,248.43137531517877,249.88338294601616,24126700
2022-09-08,253.63113403320312,255.50501773819877,249.97167601634277,252.64025443813017,20319900
2022-09-09,259.45880126953125,260.2142589984414,255.36767670573366,255.57369702249932,22084700
2022-09-12,261.6073913574219,262.3922805681885,260.1455782417831,260.7538486673385,18747700
2022-09-13,247.2246551513672,255.47560335373257,246.8322105173972,253.94510670682973,33353300
2022-09-14,247.4502716064453,249.422255129706,245.13490094116702,248.73549581590103,23913000
2022-09-15,240.7396240234375,246.64576903500318,239.40534238233946,245.04660414201646,31530900
2022-09-16,240.11172485351562,240.66113229279696,237.48239857523066,239.6407913596488,39791800
2022-09-19,239.89588928222656,240.5041596788793,236.29529440647048,237.8846538146174,26826900
2022-09-20,237.8650360107422,238.9049880034,235.10817818901293,237.49223235332934,26660300
2022-09-21,234.43121337890625,242.9765051493539,234.38215593489727,239.65061404067487,28625600
2022-09-22,236.42279052734375,239.2483312493909,233.07728887462406,233.3716035579806,31061200
2022-09-23,233.4207000732422,236.57000244444777,230.75213671571493,235.01005951036115,34176000
2022-09-26,232.95957946777344,236.88393545786514,232.4199775250898,232.56714985685628,27694200
2022-09-27,231.93927001953125,237.22733949406822,230.06538630792042,235.44175020566894,27018700
2022-09-28,236.5111541748047,237.74732103924956,230.29103796517734,232.3317050693469,29029700
2022-09-29,233.00863647460938,235.41230151998565,229.97707507080545,234.37234957979894,27484200
2022-09-30,228.49563598632812,235.9911558026523,228.32885264262853,233.78370541861432,35694800
2022-10-03,236.1873779296875,237.04092059335576,230.22235484454313,230.9581716153552,28880400
2022-10-04,244.17344665527344,245.6254542522616,240.3471903922256,240.4551107861374,34888400
2022-10-05,244.4873809814453,245.84128862057946,239.48383595766458,241.3380936081077,20347100
2022-10-06,242.12295532226562,245.60582437562348,241.4263904937324,243.24139621855934,20239900
2022-10-07,229.81031799316406,236.7564306725985,228.76054546213967,236.34436007353148,37769600
2022-10-10,224.91464233398438,230.1242222759056,222.44229398231298,228.64278334708865,29743600
2022-10-11,221.1472930908203,224.72826224432563,219.87187429291728,223.3154915740473,30474000
2022-10-12,221.4808349609375,223.55093328629187,219.72469229166987,221.1374478333713,21903900
2022-10-13,229.81031799316406,231.63514433242423,214.98606097596067,215.6924463311731,42551800
2022-10-14,224.23770141601562,232.7535617953974,224.02186063649978,231.0856985045513,30198600
2022-10-17,233.0380859375,234.4410510941552,230.69328365560816,231.36043200869605,28142300
2022-10-18,233.98971557617188,239.31702141175575,230.9189023590594,238.64008260835197,26329600
2022-10-19,232.00791931152344,235.07873262941993,229.85933203607698,232.55732674866903,19985700
2022-10-20,231.68414306640625,236.74656549949498,230.4283504431914,231.31133945560208,21811000
2022-10-21,237.541259765625,238.40462286110997,230.06536650588598,230.30083325108092,26299700
2022-10-24,242.57424926757812,243.15308817044743,236.73677285558932,239.1502433527389,24911200
2022-10-25,245.91978454589844,246.2925882046564,241.18112264413602,242.5840727980999,34775500
2022-10-26,226.9455108642578,233.79350777788596,225.70932916401722,226.79833853458496,82543200
2022-10-27,222.4619140625,229.27067360699243,221.51025660626811,226.67077896987985,40424600
2022-10-28,231.40945434570312,232.12566008407453,221.77516828735477,221.9615775899383,40647700
2022-10-31,227.7401885986328,230.47742025247945,226.7787106243926,229.33935344841737,28357300
2022-11-01,223.8550567626953,231.28190706227886,223.0309456639183,230.1634662938732,30592300
2022-11-02,215.9376983642578,226.9258923470998,215.87882044831673,225.12069215089488,38407000
2022-11-03,210.19830322265625,216.24181462345317,209.93340501992972,215.9278589801878,36633900
2022-11-04,217.2032928466797,217.39950765239473,209.39381782928885,213.43591468412285,36789100
2022-11-07,223.56076049804688,224.0905569765876,217.09538715119393,217.79196697439198,33498000
2022-11-08,224.5418243408203,227.26925043810735,221.5691260047828,224.3750410148975,28192500
2022-11-09,220.26429748535156,224.30639455586396,220.08770864185462,223.07021277046186,27852900
2022-11-10,238.38497924804688,238.728366354765,230.55589393502373,230.9777549807695,46268000
2022-11-11,242.43690490722656,243.30026802310758,237.3548560708773,238.39482299238406,34620200
2022-11-14,236.98207092285156,239.29744175685843,234.68632606216372,237.41375251448136,31123300
2022-11-15,237.39413452148438,242.3290115757939,235.4908192418058,241.014355753623,31390100
2022-11-16,237.82699584960938,239.86358060122012,236.5381496599051,238.86987856761687,24093300
2022-11-17,237.77780151367188,239.3224593307296,233.79320525931334,233.94077733820848,23123500
2022-11-18,237.3252410888672,239.80455714259514,235.1705986265433,239.57825993462248,27613500
2022-11-21,238.14183044433594,240.71952276036882,237.29571552200488,237.53183084108053,26394700
2022-11-22,241.07371520996094,241.34919309558975,236.82347425138866,239.65696321963057,19665700
2022-11-23,243.58255004882812,244.27124477545462,240.32599604602203,241.15242971797383,19508500
2022-11-25,243.4939727783203,244.6844274224895,242.74623431181703,243.31687129483697,9200800
2022-11-28,237.8565216064453,242.66756674173354,236.9120302370499,242.10677780598368,24778200
2022-11-29,236.44960021972656,238.86987231087423,234.36383483834427,237.5023160445572,17956300
2022-11-30,251.0204620361328,251.20739666317635,235.98717692730537,236.68571974219154,47594200
2022-12-01,250.57774353027344,251.98464735267424,246.86861025202438,249.77097615420297,26041500
2022-12-02,250.9024200439453,251.92562147108276,245.65847707537134,245.78638288342054,21528500
2022-12-05,246.1602020263672,249.72176276320553,244.05475562941484,247.94097488857804,23435300
2022-12-06,241.1622772216797,247.7934582986905,239.84391652181137,246.7702567885112,22463700
2022-12-07,240.42434692382812,242.18545362268668,238.2992341374474,240.87692627469752,20481500
2022-12-08,243.40545654296875,244.72383222004805,239.1355340850843,240.88679288140406,22611800
2022-12-09,241.4573974609375,244.30073433851274,240.21774707912041,240.7490215249227,20609700
2022-12-12,248.4329376220703,248.46245203745158,243.1791615103396,243.45463939551072,30665100
2022-12-13,252.77174377441406,259.65872070865197,248.9839004556159,257.46471581923214,42196900
2022-12-14,253.06689453125,258.3501850277327,250.20387615651362,252.97835128561948,35410900
2022-12-15,244.9894561767578,250.09566036022588,243.34642195222244,249.62341468795935,35560400
2022-12-16,240.7392120361328,245.80605359181683,239.57825663325374,244.53688867238014,86102000
2022-12-19,236.56765747070312,241.2508114490081,234.8557613634364,240.90645659327913,29696400
2022-12-20,237.89588928222656,238.98796777259315,234.57045811090094,235.53463078316423,25150800
2022-12-21,240.48336791992188,241.65415629907918,236.2331274731209,237.78761821908952,23690600
2022-12-22,234.34413146972656,238.08277879169196,230.0938759847763,237.36455473190378,28651700
2022-12-23,234.8754425048828,235.01318145341284,230.16278882578723,232.29775003421244,21207000
2022-12-27,233.134033203125,235.07221162835242,232.02227346137494,234.8459294285658,16688600
2022-12-28,230.7432403564453,235.84944419826127,230.38905237283905,233.0651360239934,17457100
2022-12-29,237.11859130859375,238.0139018407838,231.84513450967367,231.84513450967367,19770700
2022-12-30,235.9478302001953,236.08556913442962,232.83884852757203,234.36382495029187,21938500
2023-01-03,235.7117156982422,241.78209237051,233.56690642131554,239.15520429761872,25740000
2023-01-04,225.4009246826172,229.11004291520683,222.31162417160007,228.52957274245693,50623400
2023-01-05,218.7205352783203,223.87593458070262,218.1794126873155,223.53157974667658,39585600
2023-01-06,221.29823303222656,222.11483350618235,215.80834191501188,219.399402361249,43613600
2023-01-09,223.452880859375,227.50636891623878,222.75435303516963,222.7937005835737,27369800
2023-01-10,225.15496826171875,227.5752404191146,223.65950614856146,224.08255611441774,27033900
2023-01-11,231.96322631835938,232.1403128053225,227.3784637763479,227.55555026331103,28669300
2023-01-12,234.65899658203125,236.02655295089104,229.7889226073101,231.4614712939673,27269500
2023-01-13,235.36737060546875,235.50510955466578,231.126962584739,233.17338055310896,21333300
2023-01-17,236.4692840576172,237.02023982375786,233.2619108280689,234.12770703910064,29831300
2023-01-18,232.00257873535156,238.46650586867912,231.71726771845104,237.6695866357853,30028700
2023-01-19,228.18521118164062,231.71725783452027,226.9553938963196,230.00534676888293,28623000
2023-01-20,236.34136962890625,236.85297782698208,230.72355762121356,231.0679124686992,35389800
2023-01-23,238.66329956054688,241.21147775819242,235.7805996012561,237.20719987795232,31934000
2023-01-24,238.13197326660156,240.01113767587688,236.5578161535958,238.58455263169674,40234400
2023-01-25,236.72508239746094,239.3716517336312,227.1718546280861,230.6940533159615,66526600
2023-01-26,243.9957733154297,244.30076563008686,238.09264976747573,239.71600273819527,33454500
2023-01-27,244.15318298339844,245.79621716500495,242.8446555187233,244.96978350702662,26498900
2023-01-30,238.79115295410156,241.6344897230893,238.28937792801037,240.56207771408907,25867400
2023-01-31,243.80882263183594,243.94656157173196,239.02729227198978,239.51921920196398,26541100
2023-02-01,248.66905212402344,251.05980969219294,241.50659754079177,243.99574649557985,31259900
2023-02-02,260.3277587890625,260.41630204077023,253.09642631786974,254.64108421117447,39940400
2023-02-03,254.17864990234375,259.9342009694348,252.94883258137716,255.3494383938909,29077300
2023-02-06,252.6241455078125,254.129440716698,250.666285929055,253.28334080672707,22518000
2023-02-07,263.239990234375,264.43044524156903,255.88075104704907,256.3234973845628,50841400
2023-02-08,262.42333984375,272.2913924433007,261.9117166421838,268.7888752510765,54686000
2023-02-09,259.3635559082031,269.5562977519744,258.55678851794653,269.379181234106,42375100
2023-02-10,258.85198974609375,259.825995584377,256.451383618039,257.3073317819656,25818500
2023-02-13,266.9392395019531,270.1662789980363,262.8365556487046,263.3186644624134,44630900
2023-02-14,267.77557373046875,270.5303530989152,264.9322210744265,268.267500762323,37047900
2023-02-15,265.63525390625,267.02596633238727,262.53819997143813,264.64893559835514,28922400
2023-02-16,258.5633239746094,263.0905211433605,258.31674441138733,260.40773429150306,29603600
2023-02-17,254.52928161621094,256.53150643161996,252.49746845771872,255.8411017263322,30000100
2023-02-21,249.21298217773438,251.99440632830448,248.1477568679428,250.9982154566374,28397400
2023-02-22,248.06887817382812,250.86016040830225,246.914887717883,250.61358086515105,22491100
2023-02-23,251.28427124023438,253.32594191932378,247.0529580842625,252.06345593176604,29219100
2023-02-24,245.8102264404297,247.56587165694333,244.70555485701118,246.54010733662923,24990900
2023-02-27,246.7373504638672,249.36096033836793,245.97788127913898,249.00588520460076,21190000
2023-02-28,246.00746154785156,248.04914726252943,245.32689964295895,245.6622592388617,22491000
2023-03-01,242.9005584716797,247.49678929963613,242.42711495590888,247.32911703155798,27565300
2023-03-02,247.67434692382812,247.96037256032474,242.24959719355036,243.17673864636473,24808200
2023-03-03,251.79713439941406,252.12262116972,247.95049993219732,248.73955740111904,30760100
2023-03-06,253.3555145263672,256.5610482121332,252.47769205749665,252.92153217321427,24109800
2023-03-07,250.6727294921875,254.1643038604429,249.92313318291028,252.79330730594418,21473200
2023-03-08,250.22891235351562,251.05741598985657,247.37845349394541,250.5642569134602,17340200
2023-03-09,248.8677978515625,256.00873148264196,248.13791701716175,252.31991130747735,26653400
2023-03-10,245.18882751464844,249.33136077212063,244.212382169328,247.64476514837403,28333900
2023-03-13,250.4458770751953,254.3812915068127,242.36792984978123,244.01507918481394,33339700
2023-03-14,257.2218933105469,257.4980611612143,252.35933748625902,253.2371599508845,33620300
2023-03-15,261.8083190917969,262.83409850139134,255.6635455488037,256.42302986650344,46028000
2023-03-16,272.42108154296875,272.77614162435196,259.67783796593795,261.58142474678226,54768800
2023-03-17,275.60687255859375,279.4535073114165,272.53943756981755,274.4528971827675,69527400
2023-03-20,268.50543212890625,273.6836030203865,266.1579898420947,273.1904438878646,43466600
2023-03-21,270.0342102050781,271.2375196781977,265.8324848136853,271.1191663037998,34558700
2023-03-22,268.5645446777344,277.1948274357684,268.456034042471,269.65934324244984,34873300
2023-03-23,273.861083984375,277.2145594642809,271.4347499153896,274.1372518450722,36610900
2023-03-24,276.73126220703125,276.79043888196287,271.5136313002802,273.44680624813554,28172000
2023-03-27,272.5986328125,277.60911609580637,271.7503834964028,276.66225903833964,26840200
2023-03-28,271.46435546875,272.36190859794345,268.32784087331277,272.0166912251704,21878600
2023-03-29,276.6720886230469,277.29347381680907,274.60081467718567,275.1432775701319,25087000
2023-03-30,280.1636657714844,280.56805983553204,277.62885093593184,280.34122591914473,25053400
2023-03-31,284.3554992675781,285.31222903893445,279.12802532101676,279.84804837782394,32766000
2023-04-03,283.3001708984375,284.32592009457954,280.0650485951288,282.5998633452524,24883300
2023-04-04,283.25079345703125,286.47607255191673,281.76147375851104,283.30012741660755,25824300
2023-04-05,280.44964599609375,283.2211970642067,279.0490913446103,281.9389957522812,22064800
2023-04-06,287.6103820800781,288.0837955338459,278.17131004504324,279.33515825227767,29770300
2023-04-10,285.4306335449219,285.6377519354261,280.8146415705329,285.2530733958761,23103000
2023-04-11,278.9603576660156,282.06728401372465,277.78666672359924,281.84041999626015,27276600
2023-04-12,279.6113586425781,283.08321824075125,278.10229288315924,280.8935904623744,27403400
2023-04-13,285.87445068359375,285.93362736494225,279.29572544000456,279.70996220944426,24222700
2023-04-14,282.2250671386719,284.5330478116191,279.80857582595036,283.0732862312766,20987900
2023-04-17,284.8486633300781,287.61037214853826,282.24479912414546,285.9632076307391,23836200
2023-04-18,284.4245300292969,287.768162652318,283.08315193513107,287.58075981562746,20161800
2023-04-19,284.50347900390625,285.0952458067938,280.646971471538,282.077114711904,17150300
2023-04-20,282.1954650878906,285.0755272649931,281.1795586202905,281.347245946029,23244400
2023-04-21,281.8502502441406,282.35325197205634,279.1871795197305,281.1105117206975,21676400
2023-04-24,277.9148254394531,281.0513397068863,274.90656743425353,278.2304544386979,26611000
2023-04-25,271.6517333984375,277.7471717867815,271.6023994354019,275.6857706528608,45772200
2023-04-26,291.3288269042969,295.4713757396066,288.72496228499426,292.64064707883125,64599200
2023-04-27,300.6593322753906,301.0242952553271,291.21041814980555,291.9205683836729,46462600
2023-04-28,303.0561218261719,304.7032562666543,299.16015312675654,299.8505878659069,36446700
2023-05-01,301.37939453125,304.37781036433915,300.9750004468495,302.77010684100475,21294100
2023-05-02,301.2314453125,304.9498540934286,299.75196801132864,303.5492991043437,26404400
2023-05-03,300.2352294921875,304.38762034639154,299.9294732832105,302.42485692101525,22360800
2023-05-04,301.2314453125,303.5492991043437,299.24893609691674,302.05007617512933,22519900
2023-05-05,306.39971923828125,307.7016663861311,300.10700479038076,301.53717811037285,28181200
2023-05-08,304.4271240234375,305.9559353819166,301.90215169335187,305.8868858799113,21318600
2023-05-09,302.79962158203125,305.7980366862934,302.119059763958,303.78593956764047,21340800
2023-05-10,308.0369873046875,308.71754916612383,303.46048721188043,304.3974712978889,30078000
2023-05-11,305.8670959472656,306.8632868746228,302.0697952876188,305.8572532341509,31680200
2023-05-12,304.74273681640625,306.3997441757822,302.40516748799325,306.30110633533394,19758100
2023-05-15,305.2259521484375,305.65993446548725,303.38154235099415,304.8708921254164,16336500
2023-05-16,307.4748229980469,309.4178710368507,305.59095164265494,305.59095164265494,26730300
2023-05-17,310.3809509277344,310.805987665317,307.1585148414656,308.6906682082903,24315000
2023-05-18,314.84881591796875,315.3628418482574,310.104151453686,310.90481320496065,27276000
2023-05-19,314.6708984375,315.07617651189463,312.72360290073794,313.08933355752697,27529500
2023-05-22,317.4781799316406,318.8719323650163,314.3447331800345,314.9279294182539,24115700
2023-05-23,311.6264343261719,319.00044455657815,311.61653992956735,316.3414461324922,30797200
2023-05-24,310.23260498046875,312.8520553347808,309.00687657318184,311.1024670224673,23384900
2023-05-25,322.1635437011719,323.1322291686583,316.31176281610414,319.5144097615483,43301700
2023-05-26,329.0532531738281,329.5573545984328,320.14708929373114,320.2854600216745,36630600
2023-05-30,327.3925476074219,331.8703347493405,326.710497962256,331.3662333950562,29503100
2023-05-31,324.6050720214844,332.068040510102,323.557261568481,328.4601155465043,45950600
2023-06-01,328.7467346191406,329.685797171066,320.9773419232305,322.1733872531787,26773900
2023-06-02,331.5342712402344,333.6100732849535,328.71711347710425,330.3975318385058,25864000
2023-06-05,332.06805419921875,334.6578520031515,330.80280831921186,331.3563515063498,21307100
2023-06-06,329.8341064453125,331.50463047248496,328.34153072317616,331.4650830529389,20396200
2023-06-07,319.6528015136719,330.6347357358875,318.7829393642212,327.8274725409219,40717100
2023-06-08,321.5111389160156,322.87523818509703,319.62314950969096,320.20634568769077,23277700
2023-06-09,323.0235290527344,326.1866287534683,320.6709553622718,321.2442571905946,22514900
2023-06-12,328.02520751953125,328.2723260983216,321.41231193783307,324.792877202814,24260300
2023-06-13,330.43707275390625,333.0960709582145,326.5820291272008,330.6149908830217,22951300
2023-06-14,333.451904296875,335.13232261049444,328.97411709163043,330.4864815075517,26003800
2023-06-15,344.0879211425781,345.80785682788934,333.31355695255627,333.59032855899534,38899100
2023-06-16,338.3843688964844,347.4190378119498,338.0087740294845,347.2707727110499,46533600
2023-06-20,334.15374755859375,338.13729804930796,331.98898628249947,335.3992349135641,26375400
2023-06-21,329.7154846191406,333.83743571716536,328.2426675673344,332.4930949848668,25117800
2023-06-22,335.79461669921875,336.1998948070942,329.4980398467398,330.269048641618,23556800
2023-06-23,331.15863037109375,334.06474706177283,329.6067487340244,330.5062337501413,23084700
2023-06-26,324.81268310546875,332.2361050906042,324.7039352388345,329.8736670391595,21520600
2023-06-27,330.7138366699219,332.2756127100992,325.5045580724648,328.0350497361953,24354100
2023-06-28,331.9791259765625,334.0845812288216,329.9626297984468,330.80283905314866,20259500
2023-06-29,331.18829345703125,332.2360737742662,328.7863082108704,330.8522158237522,16997000
2023-06-30,336.6150207519531,338.77978171619543,333.3135204630606,333.85716922002916,26823800
2023-07-03,334.0943908691406,336.97085445980855,332.69077437421345,335.28057199558646,12508700
2023-07-05,334.2525634765625,337.7122233709409,330.8719984154976,331.22783466788746,18172400
2023-07-06,337.3366394042969,339.0368165374817,331.63315311504743,333.41239492533305,28161200
2023-07-07,333.3332824707031,337.8506169608955,333.1158169325409,335.40908439573553,21185300
2023-07-10,328.0054016113281,331.3662382401782,323.81428038681094,330.74349462758727,32791400
2023-07-11,328.6380615234375,329.0235508256902,323.2311057346372,327.2443090989925,26698200
2023-07-12,333.31353759765625,337.71223002191914,331.8011731635339,332.7204469994857,29995300
2023-07-13,338.7106018066406,339.7781407604892,335.1125409329444,335.64632549278923,20567200
2023-07-14,341.2608642578125,347.3795227060363,340.3415903808926,343.5837849407625,28302200
2023-07-17,341.7452392578125,342.9906963945975,338.25592609703426,341.69579744205475,20363900
2023-07-18,355.34661865234375,362.5526047903605,338.2262665964654,341.8440560109068,64872700
2023-07-19,350.9874572753906,358.28240277063935,348.377900689894,357.5805944318739,39732900
2023-07-20,342.8720703125,353.8441409060029,341.3893588854277,349.4948600864259,33778400
2023-07-21,339.80780029296875,346.2625362851219,335.91320912576265,345.1257968698056,69368900
2023-07-24,341.13232421875,342.92149031284805,338.3646084639406,341.86381565568047,26678100
2023-07-25,346.9346923828125,347.83420754236226,341.0928061262898,343.10927181445055,41637700
2023-07-26,333.8769226074219,340.6974187800111,329.27062917505475,337.50463622626046,58383700
2023-07-27,326.90826416015625,337.39596336565216,325.25749859179115,336.55578423420644,39635300
2023-07-28,334.47003173828125,336.0911440101426,329.3299836672118,329.82422079899777,28484900
2023-07-31,332.04827880859375,333.80776174298603,329.5177570105008,333.0367530451251,25446000
2023-08-01,332.46343994140625,334.6380954513858,329.85388349527227,331.32670053812484,18311900
2023-08-02,323.7253112792969,329.7846631535933,322.59843617417204,329.7846631535933,27761300
2023-08-03,322.8950500488281,326.07793881286455,322.19324167360134,322.24265332709894,18253700
2023-08-04,324.0021057128906,331.2772922665629,323.468321143029,328.05485638688526,23727700
2023-08-07,326.3052062988281,327.2936805067541,323.7450617202006,324.5852708301054,17741500
2023-08-08,322.29205322265625,324.9609460627409,319.27721848901996,323.1915685107464,22327600
2023-08-09,318.51605224609375,323.3397810015837,317.3496297643479,322.7071731999779,22373300
2023-08-10,319.2080078125,324.4765928787493,317.4781777368132,322.26238986909726,20113700
2023-08-11,317.3101501464844,318.69400815708644,315.5308782764169,316.56879440875014,24342600
2023-08-14,320.30517578125,320.3249344047811,316.3907963817894,317.6857252860961,18836100
2023-08-15,318.15032958984375,321.3431124974694,317.20140269076705,319.27720479224416,16966300
2023-08-16,317.377685546875,321.35978454495915,316.7833392545049,317.7739063318857,20698900
2023-08-17,313.89093017578125,318.8338506885958,313.22723686973126,317.51640965143054,21257200
2023-08-18,313.4946594238281,315.3767307041892,308.61114107100383,311.52341051007966,24744800
2023-08-21,318.84375,319.72533901894826,314.04940875807927,314.9309977770275,24040000
2023-08-22,319.4182434082031,323.00409130288494,318.42767635532056,322.4295757132843,16102000
2023-08-23,323.91546630859375,326.09472618604065,320.4088500438697,320.7654699464115,21166400
2023-08-24,316.9517517089844,329.8390391710411,316.9418363646179,329.71026061311085,23281400
2023-08-25,319.933349609375,322.2908737432326,315.79275645745713,318.4375837234802,21684100
2023-08-28,320.6465759277344,323.07344713621103,318.68524222639564,322.58807894045736,14808500
2023-08-29,325.3121337890625,325.8767642718409,318.84373205694396,318.84373205694396,19284600
2023-08-30,325.6885681152344,326.6989356833555,323.37064470857354,325.5697048989506,15222100
2023-08-31,324.66827392578125,327.7885541636896,323.69750731033304,326.09469293106076,26411000
2023-09-01,325.55975341796875,328.85832822254554,323.6974826236732,328.18474991856374,14931200
2023-09-05,330.4036560058594,331.6914114200369,325.55979843195536,325.89658763051284,18553900
2023-09-06,329.739990234375,331.305072994731,327.06544689827825,330.2352737981181,17535800
2023-09-07,326.7979736328125,329.93805420021084,325.926269806624,328.1649609757256,18381000
2023-09-08,331.11688232421875,332.98906881569627,326.35225657876026,326.9763187425861,19530100
2023-09-11,334.7522277832031,335.2277108449091,332.26589484028307,334.05881876359535,16583300
2023-09-12,328.64044189453125,333.6131081744858,328.3531991956685,332.65225686072523,17565500
2023-09-13,332.8899841308594,333.672540620453,328.0461266305685,328.1847903080037,16544400
2023-09-14,335.5050964355469,337.6446948177022,333.3951836281645,335.9508335027836,20267000
2023-09-15,327.1051025390625,334.2173677918006,326.5404719789894,333.7419148820228,37666900
2023-09-18,325.95599365234375,327.2833498823573,323.28145050414594,324.7078694858904,16834200
2023-09-19,325.54986572265625,326.2829059201443,321.44893371923223,323.09327870427745,16505900
2023-09-20,317.74420166015625,326.4810108438582,317.486674767217,326.40177877596363,21436500
2023-09-21,316.5158996582031,322.2810073516276,312.02863196954377,316.24845742778143,35529500
2023-09-22,314.0196838378906,318.41780414936176,313.1677804184283,318.28902559051323,21447900
2023-09-25,314.5447082519531,314.67348682106314,312.028659170828,313.60365734669637,17836000
2023-09-26,309.1956481933594,312.9003597025738,307.09562041875256,312.15743433170707,26297600
2023-09-27,309.8395080566406,311.3352439005283,306.76874383832666,309.3541095957723,19410100
2023-09-28,310.6814880371094,312.5041279221364,306.53100935907986,308.0564609683584,19683600
2023-09-29,312.7715148925781,316.45642516083325,312.00878922272284,314.75264879530226,24140300
2023-10-02,318.7644958496094,318.8536734949948,312.2069461724641,313.2965760802322,20570000
2023-10-03,310.433837890625,318.3583746883624,308.2743786386628,317.8036293011886,21033500
2023-10-04,315.9512939453125,317.02112341032625,311.03808927960966,311.0678050853206,20720100
2023-10-05,316.3475036621094,316.9616806747639,311.92958273311405,316.08006142009754,16965600
2023-10-06,324.1730041503906,326.084791429699,313.3163667904676,313.56400856953996,25645500
2023-10-09,326.7088317871094,327.1842846242437,320.13145206281695,321.6866495869274,19891200
2023-10-10,325.2923583984375,327.976786889985,324.5791488467311,327.8380929797901,20557100
2023-10-11,329.2843322753906,329.6805530737714,326.0352733611334,328.08572430592403,20063200
2023-10-12,328.0361633300781,330.48286496946685,325.61917749077486,327.4517324419268,19313100
2023-10-13,324.6385803222656,330.6810157045469,323.28147794480293,329.2447114865088,21072400
2023-10-16,329.5022277832031,332.969212350469,327.481462599679,327.9271996205036,22158000
2023-10-17,328.9277038574219,330.31449173060963,324.32157295768366,326.4810019480552,18338500
2023-10-18,326.9960632324219,332.4243813643055,325.20313935133987,329.3536175679104,23153600
2023-10-19,328.1947326660156,333.70228389150117,327.78859648557545,329.0168901427132,25052100
2023-10-20,323.58856201171875,328.78903919276047,322.38006896236453,328.5909136844565,25012600
2023-10-23,326.21356201171875,329.59139942320206,321.33007350300215,322.39987266135313,24374700
2023-10-24,327.4121398925781,328.70978036544676,324.5097855665259,328.17486567114935,31153600
2023-10-25,337.45648193359375,342.9343163763204,334.4352343674985,341.76542431146135,55053800
2023-10-26,324.7970886230469,338.4074720640278,323.85603770592473,337.32775746053113,37828500
2023-10-27,326.69891357421875,333.54373545929195,325.3022104179872,327.3130603032623,29856500
2023-10-30,334.1281433105469,336.24797114344585,328.6998254147361,330.2649381610214,22828100
2023-10-31,334.9206237792969,335.8022429983136,331.5329012652958,335.6536639809817,20265300
2023-11-01,342.8055725097656,344.1428441756508,336.44611826051886,336.58481216840323,28158800
2023-11-02,345.0343322753906,345.53950092957126,341.5178010064738,343.96450290123875,24348100
2023-11-03,349.4720458984375,351.0470741224753,344.05364288310676,346.33196525386137,23624000
2023-11-06,353.1668701171875,354.167352513998,350.01687414448827,350.1159368957074,23828300
2023-11-07,357.1291198730469,359.0409069309808,354.25648161438517,356.00977432450037,25833900
2023-11-08,359.77398681640625,360.4376498521563,357.1489597884209,358.2683054606333,26767800
2023-11-09,357.28765869140625,361.34898994935685,356.9607546115584,358.8824572522027,24847300
2023-11-10,366.1829528808594,366.6088894784068,357.6640697813667,358.0800910344148,28042100
2023-11-13,363.22113037109375,364.99425391218455,362.44848925632533,364.7466121416856,19986500
2023-11-14,366.77728271484375,368.44145847858766,363.88484360517197,367.510322951988,27683900
2023-11-15,366.9261779785156,370.3604880235156,364.385151432171,368.52421338899586,26860100
2023-11-16,373.3779602050781,373.55661691809644,367.43239928816575,368.2066086689788,27182300
2023-11-17,367.1048583984375,371.5912985753834,364.27600597231924,370.83692985080074,40157000
2023-11-20,374.63848876953125,376.0578674563183,368.24628665339475,368.46465493528996,52465100
2023-11-21,370.3009338378906,373.42754723095845,368.3653953944815,372.88164166541463,28423100
2023-11-22,375.04547119140625,376.97107425610585,372.18684271222065,375.1943517807251,23345300
2023-11-24,374.6285400390625,375.1645404012978,372.35555924327747,374.5292762251577,10176600
2023-11-27,375.7998046875,377.81476637047604,373.40771923794165,373.9834009394594,22179200
2023-11-28,379.8594665527344,380.15722772173007,375.35315568518746,375.5417478559064,20453100
2023-11-29,376.0380859375,381.4476164901705,374.63854767770755,380.91164631574964,28963400
2023-11-30,376.09759521484375,377.26882955398304,372.6831257280476,375.6806992801835,30554400
2023-12-01,371.73028564453125,375.35318820617454,368.55402487507905,373.96358547868954,33020400
2023-12-04,366.4001159667969,366.7772700166467,360.20641104069097,366.3604043806309,32063300
2023-12-05,369.7549743652344,370.3108153644534,362.90619539616483,363.73005171751413,23065000
2023-12-06,366.0626220703125,371.4026946281754,365.2983481911379,370.76746068896693,21182100
2023-12-07,368.19671630859375,368.6930051671895,363.60107663142645,365.4969037061903,23118900
2023-12-08,371.4523010253906,371.6805744716675,365.4968358282561,366.4596372467687,20144800
2023-12-11,368.5440673828125,368.8418588508799,363.3826818047021,365.74502144580043,27708800
2023-12-12,371.6011962890625,371.6409078734443,367.7102788783657,368.0973986711949,24838300
2023-12-13,371.5912780761719,374.8370262739431,368.0179925924657,373.22902508797654,30955500
2023-12-14,363.21392822265625,370.9858281001623,361.4273005886206,370.5391560461205,43277500
2023-12-15,367.97833251953125,369.6359202745136,363.56134974741,364.12712629226513,78478200
2023-12-18,369.884033203125,370.23144141816454,365.9434989554768,366.7078030867766,21802900
2023-12-19,370.4895324707031,370.4895324707031,367.09490367915254,368.73265069542646,20603700
2023-12-20,367.8691101074219,373.238958629029,367.77978175717385,372.2166048992151,26316700
2023-12-21,370.7674255371094,371.6309631567769,367.2934041212111,369.7946886358752,17708000
2023-12-22,371.7997131347656,372.3952657674826,369.943597824132,370.9063993312227,17091100
2023-12-26,371.879150390625,374.1422262477994,370.72775666805325,372.21662316069603,12673100
2023-12-27,371.29351806640625,372.2761602183441,370.042860570438,370.916333723745,14905400
2023-12-28,372.4945068359375,373.6657410910667,371.38282481133604,372.58383518172906,14327000
2023-12-29,373.2489013671875,374.36058346889905,370.7079050515424,373.2091897803934,18723000
